EngineSize,Cylinders,FuelType,FuelC
2.40,4.00,1.00,8.60
3.50,6.00,1.00,10.80
3.50,6.00,1.00,11.00
3.00,6.00,1.00,9.00
3.50,6.00,1.00,11.00
2.00,4.00,1.00,9.90
2.00,4.00,1.00,10.30
3.50,6.00,1.00,8.40
2.40,4.00,1.00,8.70
2.40,4.00,1.00,8.90
3.50,6.00,1.00,9.80
3.50,6.00,1.00,10.30
1.80,4.00,1.00,8.40
1.80,4.00,1.00,8.40
2.00,4.00,1.00,8.70
2.00,4.00,1.00,9.20
2.90,6.00,1.00,11.90
2.00,4.00,1.00,9.30
2.00,4.00,1.00,9.60
2.90,6.00,1.00,12.40
4.00,8.00,1.00,11.50
5.20,12.00,1.00,13.30
5.20,12.00,1.00,13.80
6.00,12.00,1.00,14.10
6.00,12.00,1.00,14.70
4.00,8.00,1.00,11.20
2.00,4.00,2.00,8.10
2.00,4.00,2.00,9.60
2.00,4.00,2.00,9.50
2.00,4.00,1.00,7.80
2.00,4.00,1.00,8.70
2.00,4.00,1.00,9.50
2.00,4.00,1.00,8.70
2.00,4.00,1.00,8.70
2.00,4.00,1.00,8.70
3.00,6.00,1.00,9.60
3.00,6.00,1.00,9.60
3.00,6.00,1.00,10.80
2.00,4.00,2.00,10.60
2.00,4.00,1.00,9.90
2.00,4.00,1.00,11.00
3.00,6.00,1.00,11.10
3.00,6.00,1.00,12.50
2.50,5.00,1.00,10.60
2.90,6.00,1.00,11.30
2.90,6.00,1.00,11.50
2.00,4.00,1.00,9.50
3.00,6.00,1.00,9.80
3.00,6.00,1.00,9.80
3.00,6.00,1.00,9.90
3.00,6.00,1.00,9.80
3.00,6.00,1.00,11.50
2.00,4.00,2.00,9.20
2.00,4.00,2.00,9.20
2.50,5.00,1.00,10.30
2.00,4.00,1.00,9.40
4.00,8.00,1.00,13.60
6.80,8.00,1.00,20.00
2.00,4.00,1.00,8.80
2.00,4.00,1.00,8.60
2.00,4.00,1.00,8.30
2.00,4.00,1.00,8.80
2.00,4.00,1.00,8.80
2.00,4.00,1.00,9.10
2.00,4.00,1.00,8.80
2.00,4.00,1.00,8.80
3.00,6.00,1.00,9.40
3.00,6.00,1.00,11.00
3.00,6.00,1.00,10.00
3.00,6.00,1.00,9.70
3.00,6.00,1.00,11.00
3.00,6.00,1.00,9.70
2.00,4.00,1.00,8.80
3.00,6.00,1.00,9.80
3.00,6.00,1.00,10.50
3.00,6.00,1.00,10.30
4.40,8.00,1.00,12.00
4.40,8.00,1.00,11.50
4.40,8.00,1.00,12.00
4.40,8.00,1.00,12.00
4.40,8.00,1.00,12.00
3.00,6.00,1.00,12.60
3.00,6.00,1.00,11.70
3.00,6.00,1.00,9.70
3.00,6.00,1.00,11.00
3.00,6.00,1.00,9.70
3.00,6.00,1.00,11.00
3.00,6.00,1.00,9.70
3.00,6.00,1.00,11.00
3.00,6.00,1.00,9.80
3.00,6.00,1.00,9.80
3.00,6.00,1.00,9.80
3.00,6.00,1.00,12.70
3.00,6.00,1.00,11.90
3.00,6.00,1.00,12.70
3.00,6.00,1.00,11.90
3.00,6.00,1.00,12.60
3.00,6.00,1.00,11.70
3.00,6.00,1.00,12.60
3.00,6.00,1.00,11.70
3.00,6.00,1.00,12.60
4.40,8.00,1.00,13.90
4.40,8.00,1.00,13.90
4.40,8.00,1.00,11.50
4.40,8.00,1.00,14.70
6.60,12.00,1.00,15.10
4.40,8.00,1.00,11.60
4.40,8.00,1.00,11.50
2.00,4.00,1.00,9.30
2.00,4.00,1.00,9.50
2.00,4.00,1.00,9.60
3.00,6.00,1.00,10.40
2.00,4.00,1.00,9.60
3.00,6.00,1.00,10.40
3.00,6.00,1.00,10.50
4.40,8.00,1.00,13.40
3.00,6.00,1.00,11.60
4.40,8.00,1.00,12.60
4.40,8.00,1.00,14.60
3.00,6.00,1.00,10.80
4.40,8.00,1.00,12.60
8.00,16.00,1.00,22.20
3.60,6.00,2.00,11.20
3.60,6.00,2.00,11.90
1.40,4.00,2.00,8.70
1.40,4.00,2.00,8.30
1.40,4.00,2.00,9.10
1.40,4.00,2.00,8.80
2.00,4.00,1.00,10.70
2.50,4.00,2.00,10.00
3.60,6.00,2.00,9.90
2.50,4.00,2.00,8.20
3.60,6.00,2.00,10.10
2.00,4.00,1.00,9.10
2.00,4.00,1.00,9.60
3.60,6.00,2.00,10.70
3.00,6.00,1.00,11.30
3.60,6.00,2.00,11.10
4.20,8.00,1.00,13.80
2.00,4.00,1.00,9.50
3.60,6.00,2.00,10.50
2.00,4.00,1.00,9.90
3.60,6.00,2.00,11.50
3.60,6.00,1.00,12.70
6.20,8.00,1.00,14.30
6.20,8.00,1.00,14.00
2.00,4.00,1.00,8.90
2.00,4.00,1.00,9.70
3.60,6.00,2.00,10.60
3.60,6.00,2.00,11.20
3.60,6.00,2.00,11.00
3.60,6.00,2.00,11.60
3.60,6.00,1.00,12.80
2.50,4.00,2.00,9.90
3.60,6.00,2.00,10.60
3.60,6.00,2.00,11.30
2.00,4.00,1.00,9.40
2.00,4.00,1.00,10.10
3.60,6.00,2.00,10.40
3.60,6.00,2.00,11.80
6.20,8.00,1.00,12.00
6.20,8.00,1.00,12.60
6.20,8.00,1.00,15.10
6.20,8.00,1.00,14.90
2.50,4.00,2.00,10.80
2.50,4.00,2.00,10.70
2.80,4.00,3.00,10.10
3.60,6.00,2.00,11.70
2.50,4.00,2.00,11.40
2.80,4.00,3.00,10.50
3.60,6.00,2.00,12.20
2.80,4.00,3.00,12.10
3.60,6.00,2.00,14.10
6.20,8.00,1.00,12.70
6.20,8.00,1.00,12.20
6.20,8.00,1.00,14.00
6.20,8.00,1.00,13.50
6.20,8.00,1.00,16.10
6.20,8.00,1.00,15.60
1.40,4.00,2.00,7.30
1.40,4.00,2.00,7.30
1.60,4.00,3.00,6.40
1.40,4.00,2.00,7.30
1.40,4.00,2.00,7.50
1.60,4.00,3.00,6.60
1.50,4.00,2.00,8.30
1.60,4.00,3.00,7.40
1.50,4.00,2.00,8.60
1.60,4.00,3.00,7.40
2.00,4.00,1.00,9.70
2.50,4.00,2.00,9.60
3.60,6.00,2.00,10.80
3.60,6.00,4.00,14.60
1.50,4.00,2.00,7.50
2.00,4.00,1.00,9.10
1.80,4.00,2.00,5.10
2.70,4.00,2.00,11.10
4.30,6.00,2.00,13.50
5.30,8.00,2.00,13.90
5.30,8.00,2.00,14.00
5.30,8.00,4.00,18.40
5.30,8.00,2.00,12.40
2.70,4.00,2.00,11.70
4.30,6.00,2.00,14.00
4.30,6.00,2.00,14.80
5.30,8.00,2.00,14.00
5.30,8.00,2.00,14.40
5.30,8.00,4.00,19.30
5.30,8.00,2.00,14.90
5.30,8.00,2.00,13.10
5.30,8.00,2.00,13.70
6.20,8.00,1.00,13.70
5.30,8.00,2.00,13.50
5.30,8.00,2.00,13.80
1.40,4.00,2.00,7.10
1.40,4.00,2.00,7.20
5.30,8.00,2.00,13.40
5.30,8.00,2.00,13.40
5.30,8.00,4.00,17.90
5.30,8.00,2.00,14.30
5.30,8.00,2.00,14.30
5.30,8.00,4.00,19.00
6.20,8.00,1.00,14.50
5.30,8.00,2.00,13.40
5.30,8.00,2.00,13.40
5.30,8.00,4.00,17.90
5.30,8.00,2.00,13.70
5.30,8.00,2.00,13.70
5.30,8.00,4.00,18.40
6.20,8.00,1.00,13.80
3.60,6.00,2.00,11.10
3.60,6.00,2.00,11.80
1.40,4.00,2.00,8.40
1.40,4.00,2.00,8.30
1.40,4.00,2.00,9.10
3.60,6.00,2.00,10.30
3.60,6.00,2.00,10.30
3.60,6.00,4.00,14.20
5.70,8.00,2.00,12.30
3.60,6.00,2.00,11.00
3.60,6.00,2.00,11.00
3.60,6.00,4.00,15.00
3.60,6.00,2.00,10.90
3.60,6.00,2.00,10.60
3.60,6.00,2.00,10.30
5.70,8.00,1.00,13.10
6.40,8.00,1.00,13.90
5.70,8.00,2.00,12.30
6.40,8.00,1.00,13.00
3.60,6.00,2.00,11.00
6.20,8.00,1.00,14.50
6.20,8.00,1.00,15.10
6.20,8.00,1.00,14.50
3.60,6.00,2.00,11.60
3.60,6.00,2.00,11.60
3.60,6.00,4.00,16.10
3.60,6.00,2.00,10.30
3.60,6.00,2.00,10.30
3.60,6.00,4.00,14.20
5.70,8.00,2.00,12.90
5.70,8.00,2.00,12.30
6.40,8.00,1.00,13.00
3.60,6.00,2.00,11.00
3.60,6.00,2.00,11.00
3.60,6.00,4.00,15.00
5.70,8.00,2.00,13.30
6.20,8.00,1.00,14.50
3.60,6.00,2.00,11.30
5.70,8.00,2.00,14.10
6.40,8.00,1.00,15.60
3.60,6.00,2.00,11.80
3.60,6.00,4.00,16.70
2.40,4.00,2.00,11.10
3.60,6.00,2.00,12.10
3.60,6.00,4.00,16.40
3.60,6.00,2.00,12.40
1.40,4.00,2.00,8.00
1.40,4.00,2.00,7.90
1.40,4.00,2.00,8.70
1.40,4.00,2.00,7.90
1.40,4.00,2.00,9.40
1.30,4.00,2.00,9.10
1.00,3.00,2.00,8.40
2.00,4.00,2.00,9.30
2.00,4.00,2.00,9.60
2.00,4.00,2.00,10.00
2.70,6.00,2.00,11.00
1.50,4.00,2.00,9.10
2.50,4.00,2.00,9.60
2.50,4.00,4.00,13.10
1.50,4.00,2.00,9.90
2.00,4.00,2.00,10.20
3.50,6.00,2.00,12.50
3.50,6.00,2.00,13.10
2.30,4.00,2.00,11.40
3.50,6.00,2.00,13.20
3.50,6.00,2.00,12.70
3.50,6.00,4.00,17.30
2.70,6.00,2.00,10.60
2.70,6.00,2.00,11.10
2.70,6.00,2.00,11.10
3.00,6.00,3.00,9.50
3.00,6.00,3.00,9.70
3.30,6.00,2.00,10.90
3.30,6.00,4.00,14.90
3.30,6.00,2.00,11.20
3.30,6.00,4.00,14.90
3.50,6.00,2.00,12.00
3.50,6.00,2.00,12.40
3.50,6.00,2.00,12.70
5.00,8.00,2.00,12.20
5.00,8.00,4.00,17.40
5.00,8.00,2.00,13.10
5.00,8.00,4.00,17.50
5.00,8.00,2.00,13.90
5.00,8.00,4.00,17.50
2.70,6.00,2.00,11.40
2.70,6.00,2.00,11.80
2.70,6.00,2.00,11.80
3.00,6.00,3.00,10.70
3.00,6.00,3.00,10.70
3.00,6.00,3.00,9.90
3.30,6.00,2.00,11.60
3.30,6.00,4.00,15.80
3.30,6.00,2.00,12.40
3.30,6.00,4.00,15.80
3.50,6.00,2.00,12.50
3.50,6.00,2.00,12.90
3.50,6.00,2.00,13.10
3.50,6.00,2.00,12.60
5.00,8.00,2.00,13.30
5.00,8.00,4.00,18.00
5.00,8.00,2.00,13.90
5.00,8.00,4.00,18.00
5.00,8.00,2.00,14.80
5.00,8.00,4.00,19.50
3.50,6.00,2.00,14.30
3.50,6.00,2.00,12.70
3.50,6.00,2.00,12.90
3.50,6.00,2.00,13.70
1.60,4.00,2.00,7.60
1.60,4.00,2.00,7.90
1.60,4.00,2.00,8.40
1.50,4.00,2.00,8.70
2.00,4.00,2.00,5.60
3.50,6.00,1.00,17.10
2.30,4.00,2.00,9.40
2.30,4.00,2.00,10.30
2.30,4.00,2.00,9.70
2.30,4.00,2.00,10.40
5.00,8.00,2.00,12.30
5.00,8.00,2.00,13.30
5.00,8.00,2.00,13.30
2.30,4.00,2.00,10.40
2.30,4.00,2.00,10.30
5.00,8.00,2.00,12.90
2.30,4.00,2.00,10.90
5.20,8.00,1.00,14.60
3.50,6.00,2.00,14.70
3.70,6.00,2.00,15.20
3.50,6.00,2.00,11.50
3.50,6.00,4.00,15.20
3.50,6.00,2.00,12.50
3.50,6.00,2.00,12.40
3.50,6.00,4.00,16.00
2.00,4.00,2.00,9.30
2.00,4.00,2.00,9.30
2.00,4.00,4.00,12.60
2.50,4.00,2.00,10.60
2.00,4.00,2.00,9.20
2.00,4.00,2.00,9.20
2.00,4.00,4.00,12.50
2.50,4.00,2.00,10.70
2.00,4.00,1.00,10.90
2.00,4.00,1.00,10.30
3.30,6.00,1.00,11.60
3.30,6.00,1.00,11.90
3.80,6.00,2.00,11.70
5.00,8.00,1.00,13.20
3.30,6.00,1.00,11.90
5.00,8.00,1.00,13.00
2.50,4.00,2.00,10.20
3.60,6.00,2.00,11.40
2.50,4.00,2.00,10.50
3.60,6.00,2.00,11.70
2.50,4.00,2.00,10.80
2.50,4.00,2.00,10.70
2.80,4.00,3.00,10.10
3.60,6.00,2.00,11.70
2.50,4.00,2.00,11.40
2.80,4.00,3.00,10.50
3.60,6.00,2.00,12.20
2.70,4.00,2.00,11.10
4.30,6.00,2.00,13.50
5.30,8.00,2.00,13.90
5.30,8.00,2.00,14.00
5.30,8.00,4.00,18.40
5.30,8.00,2.00,12.50
2.70,4.00,2.00,11.80
4.30,6.00,2.00,14.00
5.30,8.00,2.00,14.00
5.30,8.00,2.00,14.40
5.30,8.00,4.00,19.40
5.30,8.00,2.00,13.50
5.30,8.00,2.00,13.70
6.20,8.00,1.00,13.90
6.20,8.00,1.00,14.20
5.30,8.00,2.00,13.50
5.30,8.00,2.00,13.80
1.50,4.00,2.00,8.60
1.60,4.00,3.00,7.40
1.50,4.00,2.00,9.00
1.60,4.00,3.00,7.40
2.00,4.00,1.00,10.20
5.30,8.00,2.00,13.40
5.30,8.00,2.00,13.40
5.30,8.00,4.00,17.90
5.30,8.00,2.00,13.70
5.30,8.00,2.00,13.70
5.30,8.00,4.00,18.40
6.20,8.00,1.00,13.80
5.30,8.00,2.00,13.40
5.30,8.00,2.00,13.40
5.30,8.00,4.00,17.90
5.30,8.00,2.00,14.30
5.30,8.00,2.00,14.30
5.30,8.00,4.00,19.00
6.20,8.00,1.00,14.50
1.50,4.00,2.00,7.20
1.50,4.00,2.00,7.60
1.50,4.00,2.00,7.90
2.00,4.00,2.00,9.20
2.00,4.00,2.00,9.10
2.00,4.00,2.00,5.00
1.50,4.00,2.00,7.20
2.00,4.00,2.00,7.10
2.00,4.00,2.00,7.50
2.00,4.00,2.00,8.10
1.50,4.00,1.00,7.40
1.50,4.00,2.00,6.90
1.50,4.00,2.00,7.30
1.50,4.00,2.00,7.20
1.50,4.00,1.00,7.30
1.50,4.00,1.00,7.20
1.50,4.00,2.00,7.10
2.00,4.00,2.00,7.10
2.00,4.00,2.00,8.00
1.50,4.00,1.00,7.40
2.00,4.00,1.00,9.60
1.50,4.00,2.00,7.80
1.50,4.00,2.00,8.00
1.50,4.00,2.00,6.50
1.50,4.00,2.00,7.00
1.50,4.00,2.00,7.40
1.80,4.00,2.00,7.80
1.80,4.00,2.00,8.20
1.80,4.00,2.00,8.50
1.50,4.00,2.00,4.90
1.50,4.00,2.00,4.90
3.50,6.00,2.00,10.70
3.50,6.00,2.00,10.60
3.50,6.00,2.00,11.30
3.50,6.00,2.00,10.70
3.50,6.00,2.00,11.30
3.50,6.00,2.00,11.00
3.50,6.00,2.00,11.30
1.60,4.00,2.00,7.30
1.60,4.00,2.00,7.30
1.60,4.00,2.00,8.10
1.60,4.00,2.00,9.40
2.00,4.00,2.00,7.40
2.00,4.00,2.00,8.00
1.60,4.00,2.00,8.60
1.60,4.00,2.00,9.20
2.00,4.00,2.00,8.40
2.00,4.00,2.00,8.70
1.60,4.00,2.00,4.30
1.60,4.00,2.00,4.10
2.00,4.00,2.00,7.90
1.60,4.00,2.00,8.60
2.00,4.00,2.00,8.60
2.40,4.00,2.00,9.60
2.00,4.00,2.00,11.20
2.40,4.00,2.00,10.10
3.30,6.00,2.00,11.50
3.30,6.00,2.00,11.70
3.30,6.00,2.00,12.60
2.00,4.00,2.00,9.10
2.40,4.00,2.00,8.30
2.40,4.00,2.00,8.10
2.00,4.00,2.00,5.70
2.00,4.00,2.00,5.60
2.00,4.00,2.00,9.10
2.00,4.00,2.00,10.10
2.40,4.00,2.00,10.10
2.00,4.00,2.00,8.20
2.00,4.00,2.00,8.40
2.00,4.00,2.00,9.50
1.60,4.00,2.00,7.80
1.60,4.00,2.00,8.30
2.00,4.00,1.00,9.70
3.00,6.00,1.00,10.80
3.00,6.00,1.00,11.10
2.00,4.00,1.00,10.00
3.00,6.00,1.00,10.70
3.00,6.00,1.00,11.00
3.70,6.00,1.00,11.70
5.60,8.00,1.00,12.80
2.00,4.00,1.00,9.00
3.50,6.00,1.00,10.90
5.60,8.00,1.00,15.10
2.00,4.00,1.00,9.80
2.00,4.00,3.00,8.10
2.00,4.00,1.00,9.90
3.00,6.00,1.00,11.80
2.00,4.00,1.00,9.20
3.00,6.00,1.00,10.40
3.00,6.00,1.00,12.60
3.00,6.00,1.00,10.80
3.00,6.00,1.00,12.90
3.00,6.00,1.00,11.30
2.00,4.00,1.00,9.20
3.00,6.00,1.00,10.40
3.00,6.00,1.00,12.60
3.00,6.00,1.00,10.80
3.00,6.00,1.00,12.90
3.00,6.00,1.00,11.30
5.00,8.00,1.00,13.30
5.00,8.00,1.00,13.30
2.00,4.00,3.00,6.90
2.00,4.00,1.00,8.50
3.00,6.00,1.00,10.20
2.00,4.00,3.00,6.90
2.00,4.00,1.00,8.80
3.00,6.00,1.00,10.40
3.00,6.00,1.00,11.80
3.00,6.00,1.00,11.90
5.00,8.00,1.00,13.30
2.00,4.00,2.00,9.10
2.40,4.00,2.00,9.30
3.20,6.00,2.00,10.20
2.00,4.00,2.00,9.80
2.40,4.00,2.00,9.80
3.20,6.00,2.00,10.60
2.00,4.00,2.00,10.20
3.20,6.00,2.00,11.10
2.00,4.00,2.00,10.60
3.20,6.00,2.00,11.60
2.40,4.00,2.00,9.30
2.40,4.00,2.00,9.00
2.40,4.00,2.00,9.50
2.40,4.00,2.00,9.40
3.60,6.00,2.00,11.30
5.70,8.00,2.00,14.10
3.00,6.00,3.00,10.00
6.40,8.00,1.00,15.70
6.20,8.00,1.00,17.70
1.30,4.00,2.00,8.70
2.40,4.00,2.00,9.50
1.30,4.00,2.00,9.20
2.40,4.00,2.00,9.80
1.30,4.00,2.00,9.90
2.00,4.00,2.00,10.00
3.60,6.00,2.00,11.80
3.60,6.00,2.00,11.80
2.00,4.00,2.00,10.50
3.60,6.00,2.00,11.70
3.60,6.00,2.00,12.20
3.30,6.00,2.00,10.20
2.00,4.00,2.00,6.90
2.00,4.00,2.00,7.60
1.60,4.00,2.00,4.80
1.60,4.00,2.00,4.70
1.60,4.00,2.00,5.40
2.00,4.00,2.00,9.70
2.40,4.00,2.00,8.40
2.00,4.00,2.00,5.70
1.60,4.00,2.00,7.50
1.60,4.00,2.00,7.50
3.30,6.00,2.00,11.50
2.40,4.00,2.00,9.60
2.40,4.00,2.00,10.20
3.30,6.00,2.00,11.20
1.60,4.00,2.00,8.50
1.60,4.00,2.00,8.40
2.00,4.00,2.00,8.70
2.40,4.00,2.00,9.20
2.00,4.00,2.00,11.10
2.40,4.00,2.00,10.50
2.00,4.00,1.00,9.70
3.30,6.00,1.00,11.80
6.50,12.00,1.00,21.50
6.50,12.00,1.00,21.70
5.20,10.00,1.00,15.90
5.20,10.00,1.00,15.70
5.20,10.00,1.00,15.90
5.20,10.00,1.00,15.70
5.20,10.00,1.00,15.70
5.20,10.00,1.00,15.70
4.00,8.00,1.00,16.90
3.00,6.00,1.00,13.30
3.00,6.00,3.00,10.40
2.00,4.00,1.00,10.50
3.00,6.00,1.00,12.40
3.00,6.00,3.00,9.60
5.00,8.00,1.00,13.00
5.00,8.00,1.00,15.50
3.00,6.00,1.00,12.40
3.00,6.00,3.00,9.60
5.00,8.00,1.00,12.60
2.00,4.00,1.00,9.60
2.00,4.00,1.00,9.80
2.00,4.00,3.00,8.50
2.00,4.00,1.00,10.60
3.00,6.00,1.00,11.60
2.50,4.00,2.00,5.30
3.50,6.00,2.00,9.10
3.50,6.00,2.00,9.40
3.50,6.00,1.00,10.90
5.00,8.00,1.00,12.50
4.60,8.00,1.00,14.60
2.00,4.00,1.00,9.50
3.50,6.00,1.00,10.90
3.50,6.00,1.00,10.90
5.00,8.00,1.00,12.60
3.50,6.00,1.00,8.10
3.40,6.00,1.00,11.10
3.50,6.00,1.00,9.10
5.70,8.00,1.00,15.80
2.00,4.00,1.00,9.70
2.00,4.00,1.00,9.90
2.50,4.00,2.00,7.50
3.50,6.00,1.00,11.20
3.50,6.00,1.00,11.20
5.00,8.00,1.00,12.60
3.50,6.00,2.00,10.80
3.50,6.00,2.00,11.10
3.50,6.00,1.00,7.90
3.50,6.00,1.00,8.10
2.00,4.00,2.00,7.20
2.00,4.00,2.00,5.60
2.00,4.00,2.00,6.00
2.70,6.00,2.00,12.00
3.00,6.00,2.00,12.30
3.70,6.00,2.00,12.20
2.00,4.00,2.00,11.00
2.00,4.00,2.00,10.90
2.30,4.00,2.00,11.50
3.50,6.00,2.00,13.70
3.70,6.00,2.00,12.70
2.00,4.00,2.00,10.40
3.00,6.00,2.00,11.80
2.00,4.00,2.00,5.90
2.70,6.00,2.00,11.00
3.50,6.00,2.00,13.40
3.00,6.00,1.00,12.20
3.00,6.00,1.00,12.60
3.00,6.00,1.00,12.60
4.70,8.00,1.00,15.00
3.00,6.00,1.00,13.70
3.00,6.00,1.00,14.00
3.80,8.00,1.00,15.30
3.80,8.00,1.00,15.30
3.00,6.00,1.00,12.80
3.00,6.00,1.00,12.80
3.80,8.00,1.00,13.70
2.00,4.00,2.00,7.70
2.00,4.00,2.00,8.00
2.00,4.00,2.00,8.10
2.00,4.00,2.00,8.80
2.50,4.00,2.00,8.80
2.50,4.00,2.00,8.50
2.50,4.00,2.00,9.30
2.50,4.00,2.00,9.00
2.50,4.00,2.00,9.80
2.20,4.00,3.00,8.40
2.50,4.00,2.00,9.60
2.50,4.00,2.00,10.50
2.00,4.00,2.00,7.60
2.00,4.00,2.00,7.70
2.50,4.00,2.00,7.70
2.50,4.00,2.00,7.80
2.50,4.00,2.00,8.20
2.00,4.00,2.00,7.70
2.00,4.00,2.00,7.80
2.50,4.00,2.00,8.00
2.50,4.00,2.00,8.10
2.50,4.00,2.00,8.70
2.50,4.00,2.00,8.00
2.50,4.00,2.00,8.90
2.00,4.00,1.00,7.90
2.00,4.00,1.00,8.10
2.00,4.00,1.00,8.40
2.00,4.00,1.00,8.50
2.00,4.00,1.00,8.30
2.00,4.00,1.00,8.60
3.00,6.00,1.00,10.70
3.00,6.00,1.00,11.20
3.00,6.00,1.00,11.10
3.00,6.00,1.00,10.80
4.00,8.00,1.00,11.20
4.00,8.00,1.00,11.20
4.00,8.00,1.00,12.00
4.00,8.00,1.00,11.80
2.00,4.00,1.00,9.20
3.00,6.00,1.00,10.70
3.00,6.00,1.00,9.90
3.00,6.00,1.00,10.90
3.00,6.00,1.00,10.60
3.00,6.00,1.00,10.20
4.00,8.00,1.00,13.50
4.00,8.00,1.00,12.70
4.00,8.00,1.00,17.00
2.00,4.00,1.00,9.60
3.00,6.00,1.00,11.20
3.00,6.00,1.00,11.30
4.00,8.00,1.00,13.20
4.00,8.00,1.00,13.20
3.00,6.00,1.00,12.40
3.00,6.00,1.00,12.60
4.70,8.00,1.00,15.80
4.70,8.00,1.00,15.20
4.70,8.00,1.00,15.70
3.00,6.00,1.00,11.20
4.00,8.00,1.00,13.70
4.00,8.00,1.00,13.70
4.00,8.00,1.00,13.50
4.00,8.00,1.00,13.50
4.00,8.00,1.00,14.00
4.00,8.00,1.00,11.80
4.00,8.00,1.00,13.10
4.00,8.00,1.00,11.60
6.00,12.00,1.00,15.10
6.00,12.00,1.00,14.30
6.00,12.00,1.00,14.60
5.50,8.00,1.00,13.00
3.00,6.00,1.00,10.20
2.00,4.00,1.00,8.40
2.00,4.00,1.00,9.10
2.00,4.00,1.00,9.40
2.00,4.00,1.00,9.90
2.00,4.00,1.00,9.50
2.00,4.00,1.00,9.50
2.00,4.00,1.00,8.20
2.00,4.00,1.00,8.70
3.00,6.00,1.00,9.80
2.00,4.00,1.00,9.70
3.00,6.00,1.00,10.30
3.00,6.00,1.00,11.60
3.00,6.00,1.00,11.00
3.00,6.00,1.00,10.80
4.00,8.00,1.00,16.30
2.00,4.00,1.00,9.00
2.00,4.00,1.00,10.00
2.00,4.00,1.00,10.00
3.00,6.00,1.00,12.10
3.00,6.00,1.00,13.20
4.70,8.00,1.00,15.10
4.00,8.00,1.00,12.20
6.00,12.00,1.00,15.10
2.00,4.00,1.00,10.70
2.00,4.00,1.00,10.50
2.00,4.00,1.00,11.40
3.00,6.00,1.00,10.80
4.00,8.00,1.00,11.70
4.00,8.00,1.00,11.30
4.00,8.00,1.00,11.30
3.00,6.00,1.00,10.30
4.70,8.00,1.00,11.60
2.00,4.00,1.00,8.80
1.50,3.00,1.00,7.90
1.50,3.00,1.00,7.50
1.50,3.00,1.00,7.90
1.50,3.00,1.00,7.50
1.50,3.00,1.00,9.00
1.50,3.00,1.00,9.10
1.50,3.00,1.00,7.90
1.50,3.00,1.00,7.50
1.50,3.00,1.00,9.20
1.50,3.00,1.00,9.10
2.00,4.00,1.00,8.40
2.00,4.00,1.00,9.00
2.00,4.00,1.00,8.40
2.00,4.00,1.00,9.00
2.00,4.00,1.00,9.20
2.00,4.00,1.00,9.70
2.00,4.00,1.00,8.40
2.00,4.00,1.00,9.00
2.00,4.00,1.00,9.20
2.00,4.00,1.00,9.70
2.00,4.00,1.00,8.40
2.00,4.00,1.00,9.00
2.00,4.00,1.00,9.20
2.00,4.00,1.00,9.70
2.00,4.00,1.00,8.40
2.00,4.00,1.00,9.40
2.00,4.00,1.00,9.30
2.00,4.00,1.00,9.70
1.50,4.00,2.00,9.30
1.20,3.00,2.00,6.20
1.20,3.00,2.00,6.50
1.20,3.00,2.00,6.40
1.20,3.00,2.00,6.60
2.40,4.00,2.00,9.10
3.00,6.00,1.00,10.60
2.00,4.00,2.00,8.80
2.00,4.00,2.00,9.20
2.40,4.00,2.00,9.40
3.70,6.00,1.00,11.10
3.70,6.00,1.00,11.50
3.70,6.00,1.00,11.50
3.70,6.00,1.00,11.80
2.50,4.00,2.00,7.40
2.00,4.00,2.00,8.10
2.50,4.00,2.00,7.50
2.50,4.00,2.00,7.90
2.50,4.00,2.00,8.10
5.60,8.00,2.00,15.50
2.50,4.00,2.00,12.30
4.00,6.00,2.00,12.70
4.00,6.00,2.00,13.90
4.00,6.00,2.00,13.50
3.80,6.00,1.00,12.60
1.60,4.00,2.00,7.20
3.50,6.00,1.00,9.90
1.60,4.00,2.00,8.00
1.60,4.00,2.00,7.90
3.50,6.00,2.00,10.20
3.50,6.00,2.00,10.30
2.00,4.00,2.00,9.30
3.50,6.00,2.00,10.20
3.50,6.00,2.00,10.70
3.50,6.00,2.00,11.00
2.00,4.00,2.00,8.00
2.00,4.00,2.00,9.20
2.00,4.00,2.00,8.40
2.50,4.00,2.00,8.20
2.50,4.00,2.00,8.70
1.80,4.00,2.00,7.30
1.80,4.00,2.00,7.80
1.60,4.00,1.00,8.20
1.60,4.00,1.00,8.30
1.60,4.00,1.00,8.70
1.60,4.00,1.00,8.70
5.60,8.00,2.00,13.30
5.60,8.00,2.00,13.40
5.60,8.00,2.00,14.10
1.60,4.00,2.00,7.00
1.60,4.00,2.00,7.70
3.00,6.00,1.00,9.40
3.00,6.00,1.00,10.10
3.00,6.00,1.00,9.70
3.00,6.00,1.00,10.30
3.00,6.00,1.00,10.40
3.00,6.00,1.00,11.20
3.00,6.00,1.00,10.70
3.00,6.00,1.00,11.00
3.00,6.00,1.00,9.70
3.00,6.00,1.00,10.30
3.00,6.00,1.00,9.70
3.00,6.00,1.00,10.40
3.00,6.00,1.00,10.60
3.00,6.00,1.00,12.30
3.00,6.00,1.00,9.60
3.00,6.00,1.00,10.40
3.00,6.00,1.00,9.80
3.00,6.00,1.00,10.50
3.00,6.00,1.00,10.60
3.00,6.00,1.00,11.00
3.00,6.00,1.00,10.70
3.00,6.00,1.00,11.20
3.00,6.00,1.00,9.90
3.00,6.00,1.00,10.40
3.00,6.00,1.00,9.90
3.00,6.00,1.00,10.50
3.80,6.00,1.00,13.50
4.00,6.00,1.00,13.90
4.00,6.00,1.00,15.10
4.00,6.00,1.00,14.40
4.00,6.00,1.00,14.10
4.00,6.00,1.00,15.10
3.00,6.00,1.00,9.80
3.00,6.00,1.00,10.50
3.00,6.00,1.00,10.80
3.00,6.00,1.00,11.40
3.00,6.00,1.00,10.00
3.00,6.00,1.00,10.50
3.80,6.00,1.00,11.40
3.80,6.00,1.00,11.40
3.80,6.00,1.00,11.40
3.80,6.00,1.00,11.40
3.80,6.00,1.00,12.70
2.00,4.00,1.00,9.40
2.00,4.00,1.00,9.80
2.50,4.00,1.00,10.60
2.50,4.00,1.00,11.00
2.50,4.00,1.00,9.90
2.50,4.00,1.00,10.70
3.00,6.00,1.00,11.40
2.90,6.00,1.00,11.80
4.00,8.00,1.00,14.10
2.00,4.00,1.00,9.40
2.00,4.00,1.00,9.80
2.50,4.00,1.00,10.60
2.50,4.00,1.00,11.00
2.50,4.00,1.00,9.90
2.50,4.00,1.00,10.70
2.00,4.00,1.00,11.30
3.00,6.00,1.00,11.70
3.00,6.00,1.00,10.70
3.00,6.00,1.00,10.90
3.00,6.00,1.00,10.90
3.00,6.00,1.00,10.70
2.90,6.00,1.00,11.20
2.90,6.00,1.00,11.20
2.90,6.00,1.00,11.60
4.00,8.00,1.00,12.60
4.00,8.00,1.00,13.40
4.00,8.00,1.00,11.20
4.00,8.00,1.00,11.20
4.00,8.00,1.00,11.90
3.60,6.00,2.00,10.80
3.60,6.00,2.00,10.40
5.70,8.00,2.00,13.60
5.70,8.00,2.00,12.40
3.60,6.00,2.00,11.10
5.70,8.00,2.00,13.80
5.70,8.00,2.00,12.90
3.00,6.00,3.00,10.40
3.60,6.00,2.00,11.90
3.60,6.00,4.00,17.00
5.70,8.00,2.00,14.80
5.70,8.00,2.00,13.60
3.00,6.00,3.00,10.80
3.60,6.00,2.00,12.60
3.60,6.00,4.00,18.00
5.70,8.00,2.00,16.30
5.70,8.00,2.00,14.00
2.40,4.00,2.00,9.90
6.70,12.00,1.00,16.30
6.60,12.00,1.00,17.00
6.60,12.00,1.00,17.00
6.60,12.00,1.00,17.00
6.70,12.00,1.00,16.30
6.70,12.00,1.00,16.30
6.60,12.00,1.00,16.60
2.40,4.00,2.00,10.40
2.00,4.00,1.00,8.60
2.00,4.00,1.00,9.90
2.00,4.00,2.00,8.10
2.00,4.00,2.00,9.40
2.50,4.00,2.00,8.20
2.00,4.00,2.00,7.50
2.00,4.00,2.00,8.90
2.00,4.00,2.00,7.60
2.00,4.00,2.00,9.00
2.50,4.00,2.00,8.20
3.60,6.00,2.00,10.30
2.50,4.00,2.00,8.50
3.60,6.00,2.00,10.50
2.00,4.00,1.00,11.20
2.00,4.00,1.00,10.00
2.50,4.00,1.00,12.70
4.00,6.00,2.00,13.20
4.00,6.00,2.00,13.20
2.00,4.00,1.00,8.70
2.00,4.00,1.00,9.90
3.50,6.00,2.00,9.40
2.50,4.00,2.00,6.90
2.50,4.00,2.00,7.40
2.50,4.00,2.00,7.50
3.50,6.00,2.00,9.00
3.50,6.00,2.00,9.20
2.50,4.00,2.00,4.90
2.50,4.00,2.00,5.10
2.00,4.00,2.00,8.20
1.80,4.00,2.00,7.50
1.80,4.00,2.00,7.60
1.80,4.00,2.00,7.60
1.80,4.00,2.00,6.90
2.00,4.00,2.00,6.70
2.00,4.00,2.00,7.50
3.50,6.00,2.00,10.30
3.50,6.00,2.00,10.60
3.50,6.00,2.00,10.60
3.50,6.00,2.00,10.40
3.50,6.00,2.00,8.30
1.80,4.00,2.00,4.40
1.80,4.00,2.00,4.70
1.50,4.00,2.00,5.10
2.50,4.00,2.00,7.80
2.50,4.00,2.00,8.30
2.50,4.00,2.00,6.00
5.70,8.00,2.00,16.40
3.50,6.00,2.00,10.80
3.50,6.00,2.00,11.70
2.70,4.00,2.00,11.20
2.70,4.00,2.00,11.70
3.50,6.00,2.00,11.90
3.50,6.00,2.00,12.70
3.50,6.00,2.00,12.90
5.70,8.00,2.00,15.90
4.60,8.00,2.00,14.90
5.70,8.00,2.00,16.30
1.50,4.00,2.00,6.60
1.50,4.00,2.00,6.80
1.50,4.00,2.00,7.40
1.50,4.00,2.00,7.20
2.00,4.00,1.00,10.40
2.00,4.00,2.00,10.50
3.60,6.00,2.00,12.20
2.00,4.00,2.00,8.20
2.00,4.00,2.00,8.20
1.40,4.00,2.00,7.40
1.40,4.00,2.00,7.40
2.00,4.00,2.00,8.60
2.00,4.00,2.00,8.70
2.00,4.00,1.00,9.20
2.00,4.00,1.00,9.90
1.80,4.00,2.00,9.40
1.80,4.00,2.00,9.60
1.40,4.00,2.00,7.60
1.40,4.00,2.00,7.40
1.80,4.00,2.00,9.60
1.80,4.00,2.00,9.30
1.40,4.00,2.00,7.00
1.40,4.00,2.00,7.00
2.00,4.00,2.00,8.40
2.00,4.00,2.00,8.50
2.00,4.00,2.00,8.10
2.00,4.00,2.00,9.50
2.00,4.00,2.00,9.80
2.00,4.00,1.00,8.40
2.00,4.00,1.00,9.40
2.00,4.00,1.00,9.20
2.00,4.00,1.00,9.40
2.00,4.00,1.00,8.40
2.00,4.00,1.00,9.40
2.00,4.00,1.00,9.30
2.00,4.00,1.00,9.40
2.00,4.00,1.00,10.00
2.00,4.00,1.00,9.00
2.00,4.00,1.00,10.00
2.00,4.00,1.00,10.40
2.00,4.00,1.00,10.00
2.00,4.00,1.00,10.70
