Merk,EngineSize,Cylinders,FuelType,FuelC
1.00,2.40,4.00,1.00,8.60
1.00,3.50,6.00,1.00,10.80
1.00,3.50,6.00,1.00,11.00
1.00,3.00,6.00,1.00,9.00
1.00,3.50,6.00,1.00,11.00
1.00,2.00,4.00,1.00,9.90
1.00,2.00,4.00,1.00,10.30
1.00,3.50,6.00,1.00,8.40
1.00,2.40,4.00,1.00,8.70
1.00,2.40,4.00,1.00,8.90
1.00,3.50,6.00,1.00,9.80
1.00,3.50,6.00,1.00,10.30
2.00,1.80,4.00,1.00,8.40
2.00,1.80,4.00,1.00,8.40
2.00,2.00,4.00,1.00,8.70
2.00,2.00,4.00,1.00,9.20
2.00,2.90,6.00,1.00,11.90
2.00,2.00,4.00,1.00,9.30
2.00,2.00,4.00,1.00,9.60
2.00,2.90,6.00,1.00,12.40
3.00,4.00,8.00,1.00,11.50
3.00,5.20,12.00,1.00,13.30
3.00,5.20,12.00,1.00,13.80
3.00,6.00,12.00,1.00,14.10
3.00,6.00,12.00,1.00,14.70
3.00,4.00,8.00,1.00,11.20
4.00,2.00,4.00,2.00,8.10
4.00,2.00,4.00,2.00,9.60
4.00,2.00,4.00,2.00,9.50
4.00,2.00,4.00,1.00,7.80
4.00,2.00,4.00,1.00,8.70
4.00,2.00,4.00,1.00,9.50
4.00,2.00,4.00,1.00,8.70
4.00,2.00,4.00,1.00,8.70
4.00,2.00,4.00,1.00,8.70
4.00,3.00,6.00,1.00,9.60
4.00,3.00,6.00,1.00,9.60
4.00,3.00,6.00,1.00,10.80
4.00,2.00,4.00,2.00,10.60
4.00,2.00,4.00,1.00,9.90
4.00,2.00,4.00,1.00,11.00
4.00,3.00,6.00,1.00,11.10
4.00,3.00,6.00,1.00,12.50
4.00,2.50,5.00,1.00,10.60
4.00,2.90,6.00,1.00,11.30
4.00,2.90,6.00,1.00,11.50
4.00,2.00,4.00,1.00,9.50
4.00,3.00,6.00,1.00,9.80
4.00,3.00,6.00,1.00,9.80
4.00,3.00,6.00,1.00,9.90
4.00,3.00,6.00,1.00,9.80
4.00,3.00,6.00,1.00,11.50
4.00,2.00,4.00,2.00,9.20
4.00,2.00,4.00,2.00,9.20
4.00,2.50,5.00,1.00,10.30
4.00,2.00,4.00,1.00,9.40
5.00,4.00,8.00,1.00,13.60
5.00,6.80,8.00,1.00,20.00
6.00,2.00,4.00,1.00,8.80
6.00,2.00,4.00,1.00,8.60
6.00,2.00,4.00,1.00,8.30
6.00,2.00,4.00,1.00,8.80
6.00,2.00,4.00,1.00,8.80
6.00,2.00,4.00,1.00,9.10
6.00,2.00,4.00,1.00,8.80
6.00,2.00,4.00,1.00,8.80
6.00,3.00,6.00,1.00,9.40
6.00,3.00,6.00,1.00,11.00
6.00,3.00,6.00,1.00,10.00
6.00,3.00,6.00,1.00,9.70
6.00,3.00,6.00,1.00,11.00
6.00,3.00,6.00,1.00,9.70
6.00,2.00,4.00,1.00,8.80
6.00,3.00,6.00,1.00,9.80
6.00,3.00,6.00,1.00,10.50
6.00,3.00,6.00,1.00,10.30
6.00,4.40,8.00,1.00,12.00
6.00,4.40,8.00,1.00,11.50
6.00,4.40,8.00,1.00,12.00
6.00,4.40,8.00,1.00,12.00
6.00,4.40,8.00,1.00,12.00
6.00,3.00,6.00,1.00,12.60
6.00,3.00,6.00,1.00,11.70
6.00,3.00,6.00,1.00,9.70
6.00,3.00,6.00,1.00,11.00
6.00,3.00,6.00,1.00,9.70
6.00,3.00,6.00,1.00,11.00
6.00,3.00,6.00,1.00,9.70
6.00,3.00,6.00,1.00,11.00
6.00,3.00,6.00,1.00,9.80
6.00,3.00,6.00,1.00,9.80
6.00,3.00,6.00,1.00,9.80
6.00,3.00,6.00,1.00,12.70
6.00,3.00,6.00,1.00,11.90
6.00,3.00,6.00,1.00,12.70
6.00,3.00,6.00,1.00,11.90
6.00,3.00,6.00,1.00,12.60
6.00,3.00,6.00,1.00,11.70
6.00,3.00,6.00,1.00,12.60
6.00,3.00,6.00,1.00,11.70
6.00,3.00,6.00,1.00,12.60
6.00,4.40,8.00,1.00,13.90
6.00,4.40,8.00,1.00,13.90
6.00,4.40,8.00,1.00,11.50
6.00,4.40,8.00,1.00,14.70
6.00,6.60,12.00,1.00,15.10
6.00,4.40,8.00,1.00,11.60
6.00,4.40,8.00,1.00,11.50
6.00,2.00,4.00,1.00,9.30
6.00,2.00,4.00,1.00,9.50
6.00,2.00,4.00,1.00,9.60
6.00,3.00,6.00,1.00,10.40
6.00,2.00,4.00,1.00,9.60
6.00,3.00,6.00,1.00,10.40
6.00,3.00,6.00,1.00,10.50
6.00,4.40,8.00,1.00,13.40
6.00,3.00,6.00,1.00,11.60
6.00,4.40,8.00,1.00,12.60
6.00,4.40,8.00,1.00,14.60
6.00,3.00,6.00,1.00,10.80
6.00,4.40,8.00,1.00,12.60
7.00,8.00,16.00,1.00,22.20
8.00,3.60,6.00,2.00,11.20
8.00,3.60,6.00,2.00,11.90
8.00,1.40,4.00,2.00,8.70
8.00,1.40,4.00,2.00,8.30
8.00,1.40,4.00,2.00,9.10
8.00,1.40,4.00,2.00,8.80
8.00,2.00,4.00,1.00,10.70
8.00,2.50,4.00,2.00,10.00
8.00,3.60,6.00,2.00,9.90
8.00,2.50,4.00,2.00,8.20
8.00,3.60,6.00,2.00,10.10
8.00,2.00,4.00,1.00,9.10
8.00,2.00,4.00,1.00,9.60
8.00,3.60,6.00,2.00,10.70
9.00,3.00,6.00,1.00,11.30
9.00,3.60,6.00,2.00,11.10
9.00,4.20,8.00,1.00,13.80
9.00,2.00,4.00,1.00,9.50
9.00,3.60,6.00,2.00,10.50
9.00,2.00,4.00,1.00,9.90
9.00,3.60,6.00,2.00,11.50
9.00,3.60,6.00,1.00,12.70
9.00,6.20,8.00,1.00,14.30
9.00,6.20,8.00,1.00,14.00
9.00,2.00,4.00,1.00,8.90
9.00,2.00,4.00,1.00,9.70
9.00,3.60,6.00,2.00,10.60
9.00,3.60,6.00,2.00,11.20
9.00,3.60,6.00,2.00,11.00
9.00,3.60,6.00,2.00,11.60
9.00,3.60,6.00,1.00,12.80
10.00,2.50,4.00,2.00,9.90
10.00,3.60,6.00,2.00,10.60
10.00,3.60,6.00,2.00,11.30
10.00,2.00,4.00,1.00,9.40
10.00,2.00,4.00,1.00,10.10
10.00,3.60,6.00,2.00,10.40
10.00,3.60,6.00,2.00,11.80
10.00,6.20,8.00,1.00,12.00
10.00,6.20,8.00,1.00,12.60
10.00,6.20,8.00,1.00,15.10
10.00,6.20,8.00,1.00,14.90
10.00,2.50,4.00,2.00,10.80
10.00,2.50,4.00,2.00,10.70
10.00,2.80,4.00,3.00,10.10
10.00,3.60,6.00,2.00,11.70
10.00,2.50,4.00,2.00,11.40
10.00,2.80,4.00,3.00,10.50
10.00,3.60,6.00,2.00,12.20
10.00,2.80,4.00,3.00,12.10
10.00,3.60,6.00,2.00,14.10
10.00,6.20,8.00,1.00,12.70
10.00,6.20,8.00,1.00,12.20
10.00,6.20,8.00,1.00,14.00
10.00,6.20,8.00,1.00,13.50
10.00,6.20,8.00,1.00,16.10
10.00,6.20,8.00,1.00,15.60
10.00,1.40,4.00,2.00,7.30
10.00,1.40,4.00,2.00,7.30
10.00,1.60,4.00,3.00,6.40
10.00,1.40,4.00,2.00,7.30
10.00,1.40,4.00,2.00,7.50
10.00,1.60,4.00,3.00,6.60
10.00,1.50,4.00,2.00,8.30
10.00,1.60,4.00,3.00,7.40
10.00,1.50,4.00,2.00,8.60
10.00,1.60,4.00,3.00,7.40
10.00,2.00,4.00,1.00,9.70
10.00,2.50,4.00,2.00,9.60
10.00,3.60,6.00,2.00,10.80
10.00,3.60,6.00,4.00,14.60
10.00,1.50,4.00,2.00,7.50
10.00,2.00,4.00,1.00,9.10
10.00,1.80,4.00,2.00,5.10
10.00,2.70,4.00,2.00,11.10
10.00,4.30,6.00,2.00,13.50
10.00,5.30,8.00,2.00,13.90
10.00,5.30,8.00,2.00,14.00
10.00,5.30,8.00,4.00,18.40
10.00,5.30,8.00,2.00,12.40
10.00,2.70,4.00,2.00,11.70
10.00,4.30,6.00,2.00,14.00
10.00,4.30,6.00,2.00,14.80
10.00,5.30,8.00,2.00,14.00
10.00,5.30,8.00,2.00,14.40
10.00,5.30,8.00,4.00,19.30
10.00,5.30,8.00,2.00,14.90
10.00,5.30,8.00,2.00,13.10
10.00,5.30,8.00,2.00,13.70
10.00,6.20,8.00,1.00,13.70
10.00,5.30,8.00,2.00,13.50
10.00,5.30,8.00,2.00,13.80
10.00,1.40,4.00,2.00,7.10
10.00,1.40,4.00,2.00,7.20
10.00,5.30,8.00,2.00,13.40
10.00,5.30,8.00,2.00,13.40
10.00,5.30,8.00,4.00,17.90
10.00,5.30,8.00,2.00,14.30
10.00,5.30,8.00,2.00,14.30
10.00,5.30,8.00,4.00,19.00
10.00,6.20,8.00,1.00,14.50
10.00,5.30,8.00,2.00,13.40
10.00,5.30,8.00,2.00,13.40
10.00,5.30,8.00,4.00,17.90
10.00,5.30,8.00,2.00,13.70
10.00,5.30,8.00,2.00,13.70
10.00,5.30,8.00,4.00,18.40
10.00,6.20,8.00,1.00,13.80
10.00,3.60,6.00,2.00,11.10
10.00,3.60,6.00,2.00,11.80
10.00,1.40,4.00,2.00,8.40
10.00,1.40,4.00,2.00,8.30
10.00,1.40,4.00,2.00,9.10
11.00,3.60,6.00,2.00,10.30
11.00,3.60,6.00,2.00,10.30
11.00,3.60,6.00,4.00,14.20
11.00,5.70,8.00,2.00,12.30
11.00,3.60,6.00,2.00,11.00
11.00,3.60,6.00,2.00,11.00
11.00,3.60,6.00,4.00,15.00
11.00,3.60,6.00,2.00,10.90
11.00,3.60,6.00,2.00,10.60
12.00,3.60,6.00,2.00,10.30
12.00,5.70,8.00,1.00,13.10
12.00,6.40,8.00,1.00,13.90
12.00,5.70,8.00,2.00,12.30
12.00,6.40,8.00,1.00,13.00
12.00,3.60,6.00,2.00,11.00
12.00,6.20,8.00,1.00,14.50
12.00,6.20,8.00,1.00,15.10
12.00,6.20,8.00,1.00,14.50
12.00,3.60,6.00,2.00,11.60
12.00,3.60,6.00,2.00,11.60
12.00,3.60,6.00,4.00,16.10
12.00,3.60,6.00,2.00,10.30
12.00,3.60,6.00,2.00,10.30
12.00,3.60,6.00,4.00,14.20
12.00,5.70,8.00,2.00,12.90
12.00,5.70,8.00,2.00,12.30
12.00,6.40,8.00,1.00,13.00
12.00,3.60,6.00,2.00,11.00
12.00,3.60,6.00,2.00,11.00
12.00,3.60,6.00,4.00,15.00
12.00,5.70,8.00,2.00,13.30
12.00,6.20,8.00,1.00,14.50
12.00,3.60,6.00,2.00,11.30
12.00,5.70,8.00,2.00,14.10
12.00,6.40,8.00,1.00,15.60
12.00,3.60,6.00,2.00,11.80
12.00,3.60,6.00,4.00,16.70
12.00,2.40,4.00,2.00,11.10
12.00,3.60,6.00,2.00,12.10
12.00,3.60,6.00,4.00,16.40
12.00,3.60,6.00,2.00,12.40
13.00,1.40,4.00,2.00,8.00
13.00,1.40,4.00,2.00,7.90
13.00,1.40,4.00,2.00,8.70
13.00,1.40,4.00,2.00,7.90
13.00,1.40,4.00,2.00,9.40
13.00,1.30,4.00,2.00,9.10
14.00,1.00,3.00,2.00,8.40
14.00,2.00,4.00,2.00,9.30
14.00,2.00,4.00,2.00,9.60
14.00,2.00,4.00,2.00,10.00
14.00,2.70,6.00,2.00,11.00
14.00,1.50,4.00,2.00,9.10
14.00,2.50,4.00,2.00,9.60
14.00,2.50,4.00,4.00,13.10
14.00,1.50,4.00,2.00,9.90
14.00,2.00,4.00,2.00,10.20
14.00,3.50,6.00,2.00,12.50
14.00,3.50,6.00,2.00,13.10
14.00,2.30,4.00,2.00,11.40
14.00,3.50,6.00,2.00,13.20
14.00,3.50,6.00,2.00,12.70
14.00,3.50,6.00,4.00,17.30
14.00,2.70,6.00,2.00,10.60
14.00,2.70,6.00,2.00,11.10
14.00,2.70,6.00,2.00,11.10
14.00,3.00,6.00,3.00,9.50
14.00,3.00,6.00,3.00,9.70
14.00,3.30,6.00,2.00,10.90
14.00,3.30,6.00,4.00,14.90
14.00,3.30,6.00,2.00,11.20
14.00,3.30,6.00,4.00,14.90
14.00,3.50,6.00,2.00,12.00
14.00,3.50,6.00,2.00,12.40
14.00,3.50,6.00,2.00,12.70
14.00,5.00,8.00,2.00,12.20
14.00,5.00,8.00,4.00,17.40
14.00,5.00,8.00,2.00,13.10
14.00,5.00,8.00,4.00,17.50
14.00,5.00,8.00,2.00,13.90
14.00,5.00,8.00,4.00,17.50
14.00,2.70,6.00,2.00,11.40
14.00,2.70,6.00,2.00,11.80
14.00,2.70,6.00,2.00,11.80
14.00,3.00,6.00,3.00,10.70
14.00,3.00,6.00,3.00,10.70
14.00,3.00,6.00,3.00,9.90
14.00,3.30,6.00,2.00,11.60
14.00,3.30,6.00,4.00,15.80
14.00,3.30,6.00,2.00,12.40
14.00,3.30,6.00,4.00,15.80
14.00,3.50,6.00,2.00,12.50
14.00,3.50,6.00,2.00,12.90
14.00,3.50,6.00,2.00,13.10
14.00,3.50,6.00,2.00,12.60
14.00,5.00,8.00,2.00,13.30
14.00,5.00,8.00,4.00,18.00
14.00,5.00,8.00,2.00,13.90
14.00,5.00,8.00,4.00,18.00
14.00,5.00,8.00,2.00,14.80
14.00,5.00,8.00,4.00,19.50
14.00,3.50,6.00,2.00,14.30
14.00,3.50,6.00,2.00,12.70
14.00,3.50,6.00,2.00,12.90
14.00,3.50,6.00,2.00,13.70
14.00,1.60,4.00,2.00,7.60
14.00,1.60,4.00,2.00,7.90
14.00,1.60,4.00,2.00,8.40
14.00,1.50,4.00,2.00,8.70
14.00,2.00,4.00,2.00,5.60
14.00,3.50,6.00,1.00,17.10
14.00,2.30,4.00,2.00,9.40
14.00,2.30,4.00,2.00,10.30
14.00,2.30,4.00,2.00,9.70
14.00,2.30,4.00,2.00,10.40
14.00,5.00,8.00,2.00,12.30
14.00,5.00,8.00,2.00,13.30
14.00,5.00,8.00,2.00,13.30
14.00,2.30,4.00,2.00,10.40
14.00,2.30,4.00,2.00,10.30
14.00,5.00,8.00,2.00,12.90
14.00,2.30,4.00,2.00,10.90
14.00,5.20,8.00,1.00,14.60
14.00,3.50,6.00,2.00,14.70
14.00,3.70,6.00,2.00,15.20
14.00,3.50,6.00,2.00,11.50
14.00,3.50,6.00,4.00,15.20
14.00,3.50,6.00,2.00,12.50
14.00,3.50,6.00,2.00,12.40
14.00,3.50,6.00,4.00,16.00
14.00,2.00,4.00,2.00,9.30
14.00,2.00,4.00,2.00,9.30
14.00,2.00,4.00,4.00,12.60
14.00,2.50,4.00,2.00,10.60
14.00,2.00,4.00,2.00,9.20
14.00,2.00,4.00,2.00,9.20
14.00,2.00,4.00,4.00,12.50
14.00,2.50,4.00,2.00,10.70
15.00,2.00,4.00,1.00,10.90
15.00,2.00,4.00,1.00,10.30
15.00,3.30,6.00,1.00,11.60
15.00,3.30,6.00,1.00,11.90
15.00,3.80,6.00,2.00,11.70
15.00,5.00,8.00,1.00,13.20
15.00,3.30,6.00,1.00,11.90
15.00,5.00,8.00,1.00,13.00
16.00,2.50,4.00,2.00,10.20
16.00,3.60,6.00,2.00,11.40
16.00,2.50,4.00,2.00,10.50
16.00,3.60,6.00,2.00,11.70
16.00,2.50,4.00,2.00,10.80
16.00,2.50,4.00,2.00,10.70
16.00,2.80,4.00,3.00,10.10
16.00,3.60,6.00,2.00,11.70
16.00,2.50,4.00,2.00,11.40
16.00,2.80,4.00,3.00,10.50
16.00,3.60,6.00,2.00,12.20
16.00,2.70,4.00,2.00,11.10
16.00,4.30,6.00,2.00,13.50
16.00,5.30,8.00,2.00,13.90
16.00,5.30,8.00,2.00,14.00
16.00,5.30,8.00,4.00,18.40
16.00,5.30,8.00,2.00,12.50
16.00,2.70,4.00,2.00,11.80
16.00,4.30,6.00,2.00,14.00
16.00,5.30,8.00,2.00,14.00
16.00,5.30,8.00,2.00,14.40
16.00,5.30,8.00,4.00,19.40
16.00,5.30,8.00,2.00,13.50
16.00,5.30,8.00,2.00,13.70
16.00,6.20,8.00,1.00,13.90
16.00,6.20,8.00,1.00,14.20
16.00,5.30,8.00,2.00,13.50
16.00,5.30,8.00,2.00,13.80
16.00,1.50,4.00,2.00,8.60
16.00,1.60,4.00,3.00,7.40
16.00,1.50,4.00,2.00,9.00
16.00,1.60,4.00,3.00,7.40
16.00,2.00,4.00,1.00,10.20
16.00,5.30,8.00,2.00,13.40
16.00,5.30,8.00,2.00,13.40
16.00,5.30,8.00,4.00,17.90
16.00,5.30,8.00,2.00,13.70
16.00,5.30,8.00,2.00,13.70
16.00,5.30,8.00,4.00,18.40
16.00,6.20,8.00,1.00,13.80
16.00,5.30,8.00,2.00,13.40
16.00,5.30,8.00,2.00,13.40
16.00,5.30,8.00,4.00,17.90
16.00,5.30,8.00,2.00,14.30
16.00,5.30,8.00,2.00,14.30
16.00,5.30,8.00,4.00,19.00
16.00,6.20,8.00,1.00,14.50
17.00,1.50,4.00,2.00,7.20
17.00,1.50,4.00,2.00,7.60
17.00,1.50,4.00,2.00,7.90
17.00,2.00,4.00,2.00,9.20
17.00,2.00,4.00,2.00,9.10
17.00,2.00,4.00,2.00,5.00
17.00,1.50,4.00,2.00,7.20
17.00,2.00,4.00,2.00,7.10
17.00,2.00,4.00,2.00,7.50
17.00,2.00,4.00,2.00,8.10
17.00,1.50,4.00,1.00,7.40
17.00,1.50,4.00,2.00,6.90
17.00,1.50,4.00,2.00,7.30
17.00,1.50,4.00,2.00,7.20
17.00,1.50,4.00,1.00,7.30
17.00,1.50,4.00,1.00,7.20
17.00,1.50,4.00,2.00,7.10
17.00,2.00,4.00,2.00,7.10
17.00,2.00,4.00,2.00,8.00
17.00,1.50,4.00,1.00,7.40
17.00,2.00,4.00,1.00,9.60
17.00,1.50,4.00,2.00,7.80
17.00,1.50,4.00,2.00,8.00
17.00,1.50,4.00,2.00,6.50
17.00,1.50,4.00,2.00,7.00
17.00,1.50,4.00,2.00,7.40
17.00,1.80,4.00,2.00,7.80
17.00,1.80,4.00,2.00,8.20
17.00,1.80,4.00,2.00,8.50
17.00,1.50,4.00,2.00,4.90
17.00,1.50,4.00,2.00,4.90
17.00,3.50,6.00,2.00,10.70
17.00,3.50,6.00,2.00,10.60
17.00,3.50,6.00,2.00,11.30
17.00,3.50,6.00,2.00,10.70
17.00,3.50,6.00,2.00,11.30
17.00,3.50,6.00,2.00,11.00
17.00,3.50,6.00,2.00,11.30
18.00,1.60,4.00,2.00,7.30
18.00,1.60,4.00,2.00,7.30
18.00,1.60,4.00,2.00,8.10
18.00,1.60,4.00,2.00,9.40
18.00,2.00,4.00,2.00,7.40
18.00,2.00,4.00,2.00,8.00
18.00,1.60,4.00,2.00,8.60
18.00,1.60,4.00,2.00,9.20
18.00,2.00,4.00,2.00,8.40
18.00,2.00,4.00,2.00,8.70
18.00,1.60,4.00,2.00,4.30
18.00,1.60,4.00,2.00,4.10
18.00,2.00,4.00,2.00,7.90
18.00,1.60,4.00,2.00,8.60
18.00,2.00,4.00,2.00,8.60
18.00,2.40,4.00,2.00,9.60
18.00,2.00,4.00,2.00,11.20
18.00,2.40,4.00,2.00,10.10
18.00,3.30,6.00,2.00,11.50
18.00,3.30,6.00,2.00,11.70
18.00,3.30,6.00,2.00,12.60
18.00,2.00,4.00,2.00,9.10
18.00,2.40,4.00,2.00,8.30
18.00,2.40,4.00,2.00,8.10
18.00,2.00,4.00,2.00,5.70
18.00,2.00,4.00,2.00,5.60
18.00,2.00,4.00,2.00,9.10
18.00,2.00,4.00,2.00,10.10
18.00,2.40,4.00,2.00,10.10
18.00,2.00,4.00,2.00,8.20
18.00,2.00,4.00,2.00,8.40
18.00,2.00,4.00,2.00,9.50
18.00,1.60,4.00,2.00,7.80
18.00,1.60,4.00,2.00,8.30
19.00,2.00,4.00,1.00,9.70
19.00,3.00,6.00,1.00,10.80
19.00,3.00,6.00,1.00,11.10
19.00,2.00,4.00,1.00,10.00
19.00,3.00,6.00,1.00,10.70
19.00,3.00,6.00,1.00,11.00
19.00,3.70,6.00,1.00,11.70
19.00,5.60,8.00,1.00,12.80
19.00,2.00,4.00,1.00,9.00
19.00,3.50,6.00,1.00,10.90
19.00,5.60,8.00,1.00,15.10
20.00,2.00,4.00,1.00,9.80
20.00,2.00,4.00,3.00,8.10
20.00,2.00,4.00,1.00,9.90
20.00,3.00,6.00,1.00,11.80
20.00,2.00,4.00,1.00,9.20
20.00,3.00,6.00,1.00,10.40
20.00,3.00,6.00,1.00,12.60
20.00,3.00,6.00,1.00,10.80
20.00,3.00,6.00,1.00,12.90
20.00,3.00,6.00,1.00,11.30
20.00,2.00,4.00,1.00,9.20
20.00,3.00,6.00,1.00,10.40
20.00,3.00,6.00,1.00,12.60
20.00,3.00,6.00,1.00,10.80
20.00,3.00,6.00,1.00,12.90
20.00,3.00,6.00,1.00,11.30
20.00,5.00,8.00,1.00,13.30
20.00,5.00,8.00,1.00,13.30
20.00,2.00,4.00,3.00,6.90
20.00,2.00,4.00,1.00,8.50
20.00,3.00,6.00,1.00,10.20
20.00,2.00,4.00,3.00,6.90
20.00,2.00,4.00,1.00,8.80
20.00,3.00,6.00,1.00,10.40
20.00,3.00,6.00,1.00,11.80
20.00,3.00,6.00,1.00,11.90
20.00,5.00,8.00,1.00,13.30
21.00,2.00,4.00,2.00,9.10
21.00,2.40,4.00,2.00,9.30
21.00,3.20,6.00,2.00,10.20
21.00,2.00,4.00,2.00,9.80
21.00,2.40,4.00,2.00,9.80
21.00,3.20,6.00,2.00,10.60
21.00,2.00,4.00,2.00,10.20
21.00,3.20,6.00,2.00,11.10
21.00,2.00,4.00,2.00,10.60
21.00,3.20,6.00,2.00,11.60
21.00,2.40,4.00,2.00,9.30
21.00,2.40,4.00,2.00,9.00
21.00,2.40,4.00,2.00,9.50
21.00,2.40,4.00,2.00,9.40
21.00,3.60,6.00,2.00,11.30
21.00,5.70,8.00,2.00,14.10
21.00,3.00,6.00,3.00,10.00
21.00,6.40,8.00,1.00,15.70
21.00,6.20,8.00,1.00,17.70
21.00,1.30,4.00,2.00,8.70
21.00,2.40,4.00,2.00,9.50
21.00,1.30,4.00,2.00,9.20
21.00,2.40,4.00,2.00,9.80
21.00,1.30,4.00,2.00,9.90
21.00,2.00,4.00,2.00,10.00
21.00,3.60,6.00,2.00,11.80
21.00,3.60,6.00,2.00,11.80
21.00,2.00,4.00,2.00,10.50
21.00,3.60,6.00,2.00,11.70
21.00,3.60,6.00,2.00,12.20
22.00,3.30,6.00,2.00,10.20
22.00,2.00,4.00,2.00,6.90
22.00,2.00,4.00,2.00,7.60
22.00,1.60,4.00,2.00,4.80
22.00,1.60,4.00,2.00,4.70
22.00,1.60,4.00,2.00,5.40
22.00,2.00,4.00,2.00,9.70
22.00,2.40,4.00,2.00,8.40
22.00,2.00,4.00,2.00,5.70
22.00,1.60,4.00,2.00,7.50
22.00,1.60,4.00,2.00,7.50
22.00,3.30,6.00,2.00,11.50
22.00,2.40,4.00,2.00,9.60
22.00,2.40,4.00,2.00,10.20
22.00,3.30,6.00,2.00,11.20
22.00,1.60,4.00,2.00,8.50
22.00,1.60,4.00,2.00,8.40
22.00,2.00,4.00,2.00,8.70
22.00,2.40,4.00,2.00,9.20
22.00,2.00,4.00,2.00,11.10
22.00,2.40,4.00,2.00,10.50
22.00,2.00,4.00,1.00,9.70
22.00,3.30,6.00,1.00,11.80
23.00,6.50,12.00,1.00,21.50
23.00,6.50,12.00,1.00,21.70
23.00,5.20,10.00,1.00,15.90
23.00,5.20,10.00,1.00,15.70
23.00,5.20,10.00,1.00,15.90
23.00,5.20,10.00,1.00,15.70
23.00,5.20,10.00,1.00,15.70
23.00,5.20,10.00,1.00,15.70
23.00,4.00,8.00,1.00,16.90
24.00,3.00,6.00,1.00,13.30
24.00,3.00,6.00,3.00,10.40
24.00,2.00,4.00,1.00,10.50
24.00,3.00,6.00,1.00,12.40
24.00,3.00,6.00,3.00,9.60
24.00,5.00,8.00,1.00,13.00
24.00,5.00,8.00,1.00,15.50
24.00,3.00,6.00,1.00,12.40
24.00,3.00,6.00,3.00,9.60
24.00,5.00,8.00,1.00,12.60
24.00,2.00,4.00,1.00,9.60
24.00,2.00,4.00,1.00,9.80
24.00,2.00,4.00,3.00,8.50
24.00,2.00,4.00,1.00,10.60
24.00,3.00,6.00,1.00,11.60
25.00,2.50,4.00,2.00,5.30
25.00,3.50,6.00,2.00,9.10
25.00,3.50,6.00,2.00,9.40
25.00,3.50,6.00,1.00,10.90
25.00,5.00,8.00,1.00,12.50
25.00,4.60,8.00,1.00,14.60
25.00,2.00,4.00,1.00,9.50
25.00,3.50,6.00,1.00,10.90
25.00,3.50,6.00,1.00,10.90
25.00,5.00,8.00,1.00,12.60
25.00,3.50,6.00,1.00,8.10
25.00,3.40,6.00,1.00,11.10
25.00,3.50,6.00,1.00,9.10
25.00,5.70,8.00,1.00,15.80
25.00,2.00,4.00,1.00,9.70
25.00,2.00,4.00,1.00,9.90
25.00,2.50,4.00,2.00,7.50
25.00,3.50,6.00,1.00,11.20
25.00,3.50,6.00,1.00,11.20
25.00,5.00,8.00,1.00,12.60
25.00,3.50,6.00,2.00,10.80
25.00,3.50,6.00,2.00,11.10
25.00,3.50,6.00,1.00,7.90
25.00,3.50,6.00,1.00,8.10
25.00,2.00,4.00,2.00,7.20
25.00,2.00,4.00,2.00,5.60
25.00,2.00,4.00,2.00,6.00
26.00,2.70,6.00,2.00,12.00
26.00,3.00,6.00,2.00,12.30
26.00,3.70,6.00,2.00,12.20
26.00,2.00,4.00,2.00,11.00
26.00,2.00,4.00,2.00,10.90
26.00,2.30,4.00,2.00,11.50
26.00,3.50,6.00,2.00,13.70
26.00,3.70,6.00,2.00,12.70
26.00,2.00,4.00,2.00,10.40
26.00,3.00,6.00,2.00,11.80
26.00,2.00,4.00,2.00,5.90
26.00,2.70,6.00,2.00,11.00
26.00,3.50,6.00,2.00,13.40
27.00,3.00,6.00,1.00,12.20
27.00,3.00,6.00,1.00,12.60
27.00,3.00,6.00,1.00,12.60
27.00,4.70,8.00,1.00,15.00
27.00,3.00,6.00,1.00,13.70
27.00,3.00,6.00,1.00,14.00
27.00,3.80,8.00,1.00,15.30
27.00,3.80,8.00,1.00,15.30
27.00,3.00,6.00,1.00,12.80
27.00,3.00,6.00,1.00,12.80
27.00,3.80,8.00,1.00,13.70
28.00,2.00,4.00,2.00,7.70
28.00,2.00,4.00,2.00,8.00
28.00,2.00,4.00,2.00,8.10
28.00,2.00,4.00,2.00,8.80
28.00,2.50,4.00,2.00,8.80
28.00,2.50,4.00,2.00,8.50
28.00,2.50,4.00,2.00,9.30
28.00,2.50,4.00,2.00,9.00
28.00,2.50,4.00,2.00,9.80
28.00,2.20,4.00,3.00,8.40
28.00,2.50,4.00,2.00,9.60
28.00,2.50,4.00,2.00,10.50
28.00,2.00,4.00,2.00,7.60
28.00,2.00,4.00,2.00,7.70
28.00,2.50,4.00,2.00,7.70
28.00,2.50,4.00,2.00,7.80
28.00,2.50,4.00,2.00,8.20
28.00,2.00,4.00,2.00,7.70
28.00,2.00,4.00,2.00,7.80
28.00,2.50,4.00,2.00,8.00
28.00,2.50,4.00,2.00,8.10
28.00,2.50,4.00,2.00,8.70
28.00,2.50,4.00,2.00,8.00
28.00,2.50,4.00,2.00,8.90
28.00,2.00,4.00,1.00,7.90
28.00,2.00,4.00,1.00,8.10
29.00,2.00,4.00,1.00,8.40
29.00,2.00,4.00,1.00,8.50
29.00,2.00,4.00,1.00,8.30
29.00,2.00,4.00,1.00,8.60
29.00,3.00,6.00,1.00,10.70
29.00,3.00,6.00,1.00,11.20
29.00,3.00,6.00,1.00,11.10
29.00,3.00,6.00,1.00,10.80
29.00,4.00,8.00,1.00,11.20
29.00,4.00,8.00,1.00,11.20
29.00,4.00,8.00,1.00,12.00
29.00,4.00,8.00,1.00,11.80
29.00,2.00,4.00,1.00,9.20
29.00,3.00,6.00,1.00,10.70
29.00,3.00,6.00,1.00,9.90
29.00,3.00,6.00,1.00,10.90
29.00,3.00,6.00,1.00,10.60
29.00,3.00,6.00,1.00,10.20
29.00,4.00,8.00,1.00,13.50
29.00,4.00,8.00,1.00,12.70
29.00,4.00,8.00,1.00,17.00
29.00,2.00,4.00,1.00,9.60
29.00,3.00,6.00,1.00,11.20
29.00,3.00,6.00,1.00,11.30
29.00,4.00,8.00,1.00,13.20
29.00,4.00,8.00,1.00,13.20
29.00,3.00,6.00,1.00,12.40
29.00,3.00,6.00,1.00,12.60
29.00,4.70,8.00,1.00,15.80
29.00,4.70,8.00,1.00,15.20
29.00,4.70,8.00,1.00,15.70
29.00,3.00,6.00,1.00,11.20
29.00,4.00,8.00,1.00,13.70
29.00,4.00,8.00,1.00,13.70
29.00,4.00,8.00,1.00,13.50
29.00,4.00,8.00,1.00,13.50
29.00,4.00,8.00,1.00,14.00
29.00,4.00,8.00,1.00,11.80
29.00,4.00,8.00,1.00,13.10
29.00,4.00,8.00,1.00,11.60
29.00,6.00,12.00,1.00,15.10
29.00,6.00,12.00,1.00,14.30
29.00,6.00,12.00,1.00,14.60
29.00,5.50,8.00,1.00,13.00
29.00,3.00,6.00,1.00,10.20
29.00,2.00,4.00,1.00,8.40
29.00,2.00,4.00,1.00,9.10
29.00,2.00,4.00,1.00,9.40
29.00,2.00,4.00,1.00,9.90
29.00,2.00,4.00,1.00,9.50
29.00,2.00,4.00,1.00,9.50
29.00,2.00,4.00,1.00,8.20
29.00,2.00,4.00,1.00,8.70
29.00,3.00,6.00,1.00,9.80
29.00,2.00,4.00,1.00,9.70
29.00,3.00,6.00,1.00,10.30
29.00,3.00,6.00,1.00,11.60
29.00,3.00,6.00,1.00,11.00
29.00,3.00,6.00,1.00,10.80
29.00,4.00,8.00,1.00,16.30
29.00,2.00,4.00,1.00,9.00
29.00,2.00,4.00,1.00,10.00
29.00,2.00,4.00,1.00,10.00
29.00,3.00,6.00,1.00,12.10
29.00,3.00,6.00,1.00,13.20
29.00,4.70,8.00,1.00,15.10
29.00,4.00,8.00,1.00,12.20
29.00,6.00,12.00,1.00,15.10
29.00,2.00,4.00,1.00,10.70
29.00,2.00,4.00,1.00,10.50
29.00,2.00,4.00,1.00,11.40
29.00,3.00,6.00,1.00,10.80
29.00,4.00,8.00,1.00,11.70
29.00,4.00,8.00,1.00,11.30
29.00,4.00,8.00,1.00,11.30
29.00,3.00,6.00,1.00,10.30
29.00,4.70,8.00,1.00,11.60
29.00,2.00,4.00,1.00,8.80
30.00,1.50,3.00,1.00,7.90
30.00,1.50,3.00,1.00,7.50
30.00,1.50,3.00,1.00,7.90
30.00,1.50,3.00,1.00,7.50
30.00,1.50,3.00,1.00,9.00
30.00,1.50,3.00,1.00,9.10
30.00,1.50,3.00,1.00,7.90
30.00,1.50,3.00,1.00,7.50
30.00,1.50,3.00,1.00,9.20
30.00,1.50,3.00,1.00,9.10
30.00,2.00,4.00,1.00,8.40
30.00,2.00,4.00,1.00,9.00
30.00,2.00,4.00,1.00,8.40
30.00,2.00,4.00,1.00,9.00
30.00,2.00,4.00,1.00,9.20
30.00,2.00,4.00,1.00,9.70
30.00,2.00,4.00,1.00,8.40
30.00,2.00,4.00,1.00,9.00
30.00,2.00,4.00,1.00,9.20
30.00,2.00,4.00,1.00,9.70
30.00,2.00,4.00,1.00,8.40
30.00,2.00,4.00,1.00,9.00
30.00,2.00,4.00,1.00,9.20
30.00,2.00,4.00,1.00,9.70
30.00,2.00,4.00,1.00,8.40
30.00,2.00,4.00,1.00,9.40
30.00,2.00,4.00,1.00,9.30
30.00,2.00,4.00,1.00,9.70
31.00,1.50,4.00,2.00,9.30
31.00,1.20,3.00,2.00,6.20
31.00,1.20,3.00,2.00,6.50
31.00,1.20,3.00,2.00,6.40
31.00,1.20,3.00,2.00,6.60
31.00,2.40,4.00,2.00,9.10
31.00,3.00,6.00,1.00,10.60
31.00,2.00,4.00,2.00,8.80
31.00,2.00,4.00,2.00,9.20
31.00,2.40,4.00,2.00,9.40
32.00,3.70,6.00,1.00,11.10
32.00,3.70,6.00,1.00,11.50
32.00,3.70,6.00,1.00,11.50
32.00,3.70,6.00,1.00,11.80
32.00,2.50,4.00,2.00,7.40
32.00,2.00,4.00,2.00,8.10
32.00,2.50,4.00,2.00,7.50
32.00,2.50,4.00,2.00,7.90
32.00,2.50,4.00,2.00,8.10
32.00,5.60,8.00,2.00,15.50
32.00,2.50,4.00,2.00,12.30
32.00,4.00,6.00,2.00,12.70
32.00,4.00,6.00,2.00,13.90
32.00,4.00,6.00,2.00,13.50
32.00,3.80,6.00,1.00,12.60
32.00,1.60,4.00,2.00,7.20
32.00,3.50,6.00,1.00,9.90
32.00,1.60,4.00,2.00,8.00
32.00,1.60,4.00,2.00,7.90
32.00,3.50,6.00,2.00,10.20
32.00,3.50,6.00,2.00,10.30
32.00,2.00,4.00,2.00,9.30
32.00,3.50,6.00,2.00,10.20
32.00,3.50,6.00,2.00,10.70
32.00,3.50,6.00,2.00,11.00
32.00,2.00,4.00,2.00,8.00
32.00,2.00,4.00,2.00,9.20
32.00,2.00,4.00,2.00,8.40
32.00,2.50,4.00,2.00,8.20
32.00,2.50,4.00,2.00,8.70
32.00,1.80,4.00,2.00,7.30
32.00,1.80,4.00,2.00,7.80
32.00,1.60,4.00,1.00,8.20
32.00,1.60,4.00,1.00,8.30
32.00,1.60,4.00,1.00,8.70
32.00,1.60,4.00,1.00,8.70
32.00,5.60,8.00,2.00,13.30
32.00,5.60,8.00,2.00,13.40
32.00,5.60,8.00,2.00,14.10
32.00,1.60,4.00,2.00,7.00
32.00,1.60,4.00,2.00,7.70
33.00,3.00,6.00,1.00,9.40
33.00,3.00,6.00,1.00,10.10
33.00,3.00,6.00,1.00,9.70
33.00,3.00,6.00,1.00,10.30
33.00,3.00,6.00,1.00,10.40
33.00,3.00,6.00,1.00,11.20
33.00,3.00,6.00,1.00,10.70
33.00,3.00,6.00,1.00,11.00
33.00,3.00,6.00,1.00,9.70
33.00,3.00,6.00,1.00,10.30
33.00,3.00,6.00,1.00,9.70
33.00,3.00,6.00,1.00,10.40
33.00,3.00,6.00,1.00,10.60
33.00,3.00,6.00,1.00,12.30
33.00,3.00,6.00,1.00,9.60
33.00,3.00,6.00,1.00,10.40
33.00,3.00,6.00,1.00,9.80
33.00,3.00,6.00,1.00,10.50
33.00,3.00,6.00,1.00,10.60
33.00,3.00,6.00,1.00,11.00
33.00,3.00,6.00,1.00,10.70
33.00,3.00,6.00,1.00,11.20
33.00,3.00,6.00,1.00,9.90
33.00,3.00,6.00,1.00,10.40
33.00,3.00,6.00,1.00,9.90
33.00,3.00,6.00,1.00,10.50
33.00,3.80,6.00,1.00,13.50
33.00,4.00,6.00,1.00,13.90
33.00,4.00,6.00,1.00,15.10
33.00,4.00,6.00,1.00,14.40
33.00,4.00,6.00,1.00,14.10
33.00,4.00,6.00,1.00,15.10
33.00,3.00,6.00,1.00,9.80
33.00,3.00,6.00,1.00,10.50
33.00,3.00,6.00,1.00,10.80
33.00,3.00,6.00,1.00,11.40
33.00,3.00,6.00,1.00,10.00
33.00,3.00,6.00,1.00,10.50
33.00,3.80,6.00,1.00,11.40
33.00,3.80,6.00,1.00,11.40
33.00,3.80,6.00,1.00,11.40
33.00,3.80,6.00,1.00,11.40
33.00,3.80,6.00,1.00,12.70
33.00,2.00,4.00,1.00,9.40
33.00,2.00,4.00,1.00,9.80
33.00,2.50,4.00,1.00,10.60
33.00,2.50,4.00,1.00,11.00
33.00,2.50,4.00,1.00,9.90
33.00,2.50,4.00,1.00,10.70
33.00,3.00,6.00,1.00,11.40
33.00,2.90,6.00,1.00,11.80
33.00,4.00,8.00,1.00,14.10
33.00,2.00,4.00,1.00,9.40
33.00,2.00,4.00,1.00,9.80
33.00,2.50,4.00,1.00,10.60
33.00,2.50,4.00,1.00,11.00
33.00,2.50,4.00,1.00,9.90
33.00,2.50,4.00,1.00,10.70
33.00,2.00,4.00,1.00,11.30
33.00,3.00,6.00,1.00,11.70
33.00,3.00,6.00,1.00,10.70
33.00,3.00,6.00,1.00,10.90
33.00,3.00,6.00,1.00,10.90
33.00,3.00,6.00,1.00,10.70
33.00,2.90,6.00,1.00,11.20
33.00,2.90,6.00,1.00,11.20
33.00,2.90,6.00,1.00,11.60
33.00,4.00,8.00,1.00,12.60
33.00,4.00,8.00,1.00,13.40
33.00,4.00,8.00,1.00,11.20
33.00,4.00,8.00,1.00,11.20
33.00,4.00,8.00,1.00,11.90
34.00,3.60,6.00,2.00,10.80
34.00,3.60,6.00,2.00,10.40
34.00,5.70,8.00,2.00,13.60
34.00,5.70,8.00,2.00,12.40
34.00,3.60,6.00,2.00,11.10
34.00,5.70,8.00,2.00,13.80
34.00,5.70,8.00,2.00,12.90
34.00,3.00,6.00,3.00,10.40
34.00,3.60,6.00,2.00,11.90
34.00,3.60,6.00,4.00,17.00
34.00,5.70,8.00,2.00,14.80
34.00,5.70,8.00,2.00,13.60
34.00,3.00,6.00,3.00,10.80
34.00,3.60,6.00,2.00,12.60
34.00,3.60,6.00,4.00,18.00
34.00,5.70,8.00,2.00,16.30
34.00,5.70,8.00,2.00,14.00
34.00,2.40,4.00,2.00,9.90
35.00,6.70,12.00,1.00,16.30
35.00,6.60,12.00,1.00,17.00
35.00,6.60,12.00,1.00,17.00
35.00,6.60,12.00,1.00,17.00
35.00,6.70,12.00,1.00,16.30
35.00,6.70,12.00,1.00,16.30
35.00,6.60,12.00,1.00,16.60
36.00,2.40,4.00,2.00,10.40
36.00,2.00,4.00,1.00,8.60
36.00,2.00,4.00,1.00,9.90
36.00,2.00,4.00,2.00,8.10
36.00,2.00,4.00,2.00,9.40
36.00,2.50,4.00,2.00,8.20
36.00,2.00,4.00,2.00,7.50
36.00,2.00,4.00,2.00,8.90
36.00,2.00,4.00,2.00,7.60
36.00,2.00,4.00,2.00,9.00
36.00,2.50,4.00,2.00,8.20
36.00,3.60,6.00,2.00,10.30
36.00,2.50,4.00,2.00,8.50
36.00,3.60,6.00,2.00,10.50
36.00,2.00,4.00,1.00,11.20
36.00,2.00,4.00,1.00,10.00
36.00,2.50,4.00,1.00,12.70
37.00,4.00,6.00,2.00,13.20
37.00,4.00,6.00,2.00,13.20
37.00,2.00,4.00,1.00,8.70
37.00,2.00,4.00,1.00,9.90
37.00,3.50,6.00,2.00,9.40
37.00,2.50,4.00,2.00,6.90
37.00,2.50,4.00,2.00,7.40
37.00,2.50,4.00,2.00,7.50
37.00,3.50,6.00,2.00,9.00
37.00,3.50,6.00,2.00,9.20
37.00,2.50,4.00,2.00,4.90
37.00,2.50,4.00,2.00,5.10
37.00,2.00,4.00,2.00,8.20
37.00,1.80,4.00,2.00,7.50
37.00,1.80,4.00,2.00,7.60
37.00,1.80,4.00,2.00,7.60
37.00,1.80,4.00,2.00,6.90
37.00,2.00,4.00,2.00,6.70
37.00,2.00,4.00,2.00,7.50
37.00,3.50,6.00,2.00,10.30
37.00,3.50,6.00,2.00,10.60
37.00,3.50,6.00,2.00,10.60
37.00,3.50,6.00,2.00,10.40
37.00,3.50,6.00,2.00,8.30
37.00,1.80,4.00,2.00,4.40
37.00,1.80,4.00,2.00,4.70
37.00,1.50,4.00,2.00,5.10
37.00,2.50,4.00,2.00,7.80
37.00,2.50,4.00,2.00,8.30
37.00,2.50,4.00,2.00,6.00
37.00,5.70,8.00,2.00,16.40
37.00,3.50,6.00,2.00,10.80
37.00,3.50,6.00,2.00,11.70
37.00,2.70,4.00,2.00,11.20
37.00,2.70,4.00,2.00,11.70
37.00,3.50,6.00,2.00,11.90
37.00,3.50,6.00,2.00,12.70
37.00,3.50,6.00,2.00,12.90
37.00,5.70,8.00,2.00,15.90
37.00,4.60,8.00,2.00,14.90
37.00,5.70,8.00,2.00,16.30
37.00,1.50,4.00,2.00,6.60
37.00,1.50,4.00,2.00,6.80
37.00,1.50,4.00,2.00,7.40
37.00,1.50,4.00,2.00,7.20
38.00,2.00,4.00,1.00,10.40
38.00,2.00,4.00,2.00,10.50
38.00,3.60,6.00,2.00,12.20
38.00,2.00,4.00,2.00,8.20
38.00,2.00,4.00,2.00,8.20
38.00,1.40,4.00,2.00,7.40
38.00,1.40,4.00,2.00,7.40
38.00,2.00,4.00,2.00,8.60
38.00,2.00,4.00,2.00,8.70
38.00,2.00,4.00,1.00,9.20
38.00,2.00,4.00,1.00,9.90
38.00,1.80,4.00,2.00,9.40
38.00,1.80,4.00,2.00,9.60
38.00,1.40,4.00,2.00,7.60
38.00,1.40,4.00,2.00,7.40
38.00,1.80,4.00,2.00,9.60
38.00,1.80,4.00,2.00,9.30
38.00,1.40,4.00,2.00,7.00
38.00,1.40,4.00,2.00,7.00
38.00,2.00,4.00,2.00,8.40
38.00,2.00,4.00,2.00,8.50
38.00,2.00,4.00,2.00,8.10
38.00,2.00,4.00,2.00,9.50
38.00,2.00,4.00,2.00,9.80
39.00,2.00,4.00,1.00,8.40
39.00,2.00,4.00,1.00,9.40
39.00,2.00,4.00,1.00,9.20
39.00,2.00,4.00,1.00,9.40
39.00,2.00,4.00,1.00,8.40
39.00,2.00,4.00,1.00,9.40
39.00,2.00,4.00,1.00,9.30
39.00,2.00,4.00,1.00,9.40
39.00,2.00,4.00,1.00,10.00
39.00,2.00,4.00,1.00,9.00
39.00,2.00,4.00,1.00,10.00
39.00,2.00,4.00,1.00,10.40
39.00,2.00,4.00,1.00,10.00
39.00,2.00,4.00,1.00,10.70
